Summary,Issue key,Issue id,Issue Type,Status,Project key,Project name,Project type,Project lead,Project lead id,Project description,Priority,Resolution,Assignee,Assignee Id,Reporter,Reporter Id,Creator,Creator Id,Created,Updated,Last Viewed,Resolved,Due date,Votes,Description,Environment,Watchers,Watchers,Watchers,Watchers Id,Watchers Id,Watchers Id,Original estimate,Remaining Estimate,Time Spent,Work Ratio,Î£ Original Estimate,Î£ Remaining Estimate,Î£ Time Spent,Security Level,Attachment,Custom field (Development),Custom field (Issue color),Custom field (Rank),Sprint,Custom field (Start date),Custom field (Story point estimate),Custom field (Team),Custom field (Vulnerability),Comment,Comment,Status Category,Status Category Changed
Deploy model in cloud run,SCRUM-96,10575,Feature,To Do,SCRUM,Wholesale On Wheels,software,Ascription Technologies,712020:eb769461-ebd7-4f5d-9335-a4dcc17a003b,Your first project,Medium,,,,Vidhya sagar,712020:19be3ef8-4d83-4aa3-aee1-6c1b5c31dd7d,Vidhya sagar,712020:19be3ef8-4d83-4aa3-aee1-6c1b5c31dd7d,12/Jan/26 10:29 AM,12/Jan/26 10:29 AM,,,,0,,,Vidhya sagar,,,712020:19be3ef8-4d83-4aa3-aee1-6c1b5c31dd7d,,,,,,,,,,,,,,0|i000gb:,SCRUM Sprint 0,,,,,,,In Progress,12/Jan/26 10:29 AM
Login and signup with reset password feature,SCRUM-95,10574,Feature,In Review,SCRUM,Wholesale On Wheels,software,Ascription Technologies,712020:eb769461-ebd7-4f5d-9335-a4dcc17a003b,Your first project,Medium,,Nandan,712020:922e0a12-4d1a-458b-a17a-cdcf5380191e,Vidhya sagar,712020:19be3ef8-4d83-4aa3-aee1-6c1b5c31dd7d,Vidhya sagar,712020:19be3ef8-4d83-4aa3-aee1-6c1b5c31dd7d,12/Jan/26 10:29 AM,13/Jan/26 10:22 AM,,,,0,,,Vidhya sagar,,,712020:19be3ef8-4d83-4aa3-aee1-6c1b5c31dd7d,,,,,,,,,,,,,,0|i00086:qx,SCRUM Sprint 0,,,,,,,In Progress,12/Jan/26 10:29 AM
Proper error and loading handling,SCRUM-94,10573,Feature,In Review,SCRUM,Wholesale On Wheels,software,Ascription Technologies,712020:eb769461-ebd7-4f5d-9335-a4dcc17a003b,Your first project,Medium,,Nandan,712020:922e0a12-4d1a-458b-a17a-cdcf5380191e,Vidhya sagar,712020:19be3ef8-4d83-4aa3-aee1-6c1b5c31dd7d,Vidhya sagar,712020:19be3ef8-4d83-4aa3-aee1-6c1b5c31dd7d,12/Jan/26 10:28 AM,13/Jan/26 10:22 AM,,,,0,,,Vidhya sagar,,,712020:19be3ef8-4d83-4aa3-aee1-6c1b5c31dd7d,,,,,,,,,,,,,,0|i00086:qm,SCRUM Sprint 0,,,,,,,In Progress,12/Jan/26 10:28 AM
In feedback if no then get left and right image no move further(important),SCRUM-93,10572,Feature,In Review,SCRUM,Wholesale On Wheels,software,Ascription Technologies,712020:eb769461-ebd7-4f5d-9335-a4dcc17a003b,Your first project,Medium,,"525_ AN,AND 'GOUD'",61ab0edec15977006a0401ae,Vidhya sagar,712020:19be3ef8-4d83-4aa3-aee1-6c1b5c31dd7d,Vidhya sagar,712020:19be3ef8-4d83-4aa3-aee1-6c1b5c31dd7d,12/Jan/26 10:28 AM,12/Jan/26 12:09 PM,,,,0,,,Vidhya sagar,,,712020:19be3ef8-4d83-4aa3-aee1-6c1b5c31dd7d,,,,,,,,,,,,,,0|i00086:qr,SCRUM Sprint 0,,,,,,,In Progress,12/Jan/26 10:28 AM
implement user feedback section,SCRUM-92,10571,Feature,In Review,SCRUM,Wholesale On Wheels,software,Ascription Technologies,712020:eb769461-ebd7-4f5d-9335-a4dcc17a003b,Your first project,Medium,,"525_ AN,AND 'GOUD'",61ab0edec15977006a0401ae,Vidhya sagar,712020:19be3ef8-4d83-4aa3-aee1-6c1b5c31dd7d,Vidhya sagar,712020:19be3ef8-4d83-4aa3-aee1-6c1b5c31dd7d,12/Jan/26 10:27 AM,12/Jan/26 12:08 PM,,,,0,,,Vidhya sagar,,,712020:19be3ef8-4d83-4aa3-aee1-6c1b5c31dd7d,,,,,,,,,,,,,,0|i00086:qi,SCRUM Sprint 0,,,,,,,In Progress,12/Jan/26 10:27 AM
replace roboflow with detection api,SCRUM-91,10570,Feature,In Review,SCRUM,Wholesale On Wheels,software,Ascription Technologies,712020:eb769461-ebd7-4f5d-9335-a4dcc17a003b,Your first project,Medium,,"525_ AN,AND 'GOUD'",61ab0edec15977006a0401ae,Vidhya sagar,712020:19be3ef8-4d83-4aa3-aee1-6c1b5c31dd7d,Vidhya sagar,712020:19be3ef8-4d83-4aa3-aee1-6c1b5c31dd7d,12/Jan/26 10:26 AM,12/Jan/26 12:30 PM,,,,0,,,Vidhya sagar,,,712020:19be3ef8-4d83-4aa3-aee1-6c1b5c31dd7d,,,,,,,,,,,,,,0|i00086:qv,SCRUM Sprint 0,,,,,,,In Progress,12/Jan/26 10:26 AM
Hide the location getting state,SCRUM-90,10569,Feature,In Review,SCRUM,Wholesale On Wheels,software,Ascription Technologies,712020:eb769461-ebd7-4f5d-9335-a4dcc17a003b,Your first project,Medium,,"525_ AN,AND 'GOUD'",61ab0edec15977006a0401ae,Vidhya sagar,712020:19be3ef8-4d83-4aa3-aee1-6c1b5c31dd7d,Vidhya sagar,712020:19be3ef8-4d83-4aa3-aee1-6c1b5c31dd7d,12/Jan/26 10:26 AM,12/Jan/26 11:52 AM,,,,0,,,Vidhya sagar,,,712020:19be3ef8-4d83-4aa3-aee1-6c1b5c31dd7d,,,,,,,,,,,,,,0|i00086:q,SCRUM Sprint 0,,,,,,,In Progress,12/Jan/26 10:26 AM
implement pevious camera component,SCRUM-89,10568,Feature,In Review,SCRUM,Wholesale On Wheels,software,Ascription Technologies,712020:eb769461-ebd7-4f5d-9335-a4dcc17a003b,Your first project,Medium,,Nandan,712020:922e0a12-4d1a-458b-a17a-cdcf5380191e,Vidhya sagar,712020:19be3ef8-4d83-4aa3-aee1-6c1b5c31dd7d,Vidhya sagar,712020:19be3ef8-4d83-4aa3-aee1-6c1b5c31dd7d,12/Jan/26 10:25 AM,13/Jan/26 10:22 AM,,,,0,,,Vidhya sagar,,,712020:19be3ef8-4d83-4aa3-aee1-6c1b5c31dd7d,,,,,,,,,,,,,,0|i00086:o,SCRUM Sprint 0,,,,,,,In Progress,12/Jan/26 10:25 AM
Remove details page,SCRUM-88,10567,Feature,In Review,SCRUM,Wholesale On Wheels,software,Ascription Technologies,712020:eb769461-ebd7-4f5d-9335-a4dcc17a003b,Your first project,Medium,,Nandan,712020:922e0a12-4d1a-458b-a17a-cdcf5380191e,Vidhya sagar,712020:19be3ef8-4d83-4aa3-aee1-6c1b5c31dd7d,Vidhya sagar,712020:19be3ef8-4d83-4aa3-aee1-6c1b5c31dd7d,12/Jan/26 10:25 AM,13/Jan/26 10:22 AM,,,,0,,,Vidhya sagar,,,712020:19be3ef8-4d83-4aa3-aee1-6c1b5c31dd7d,,,,,,,,,,,,,,0|i00086:qy,SCRUM Sprint 0,,,,,,,In Progress,12/Jan/26 10:25 AM
Remove coordinates dropdown,SCRUM-87,10566,Feature,In Review,SCRUM,Wholesale On Wheels,software,Ascription Technologies,712020:eb769461-ebd7-4f5d-9335-a4dcc17a003b,Your first project,Medium,,Nandan,712020:922e0a12-4d1a-458b-a17a-cdcf5380191e,Vidhya sagar,712020:19be3ef8-4d83-4aa3-aee1-6c1b5c31dd7d,Vidhya sagar,712020:19be3ef8-4d83-4aa3-aee1-6c1b5c31dd7d,12/Jan/26 10:25 AM,13/Jan/26 10:22 AM,,,,0,,,Vidhya sagar,,,712020:19be3ef8-4d83-4aa3-aee1-6c1b5c31dd7d,,,,,,,,,,,,,,0|i00086:qxi,SCRUM Sprint 0,,,,,,,In Progress,12/Jan/26 10:25 AM
whatsapp table in Summary,SCRUM-86,10533,Feature,In Review,SCRUM,Wholesale On Wheels,software,Ascription Technologies,712020:eb769461-ebd7-4f5d-9335-a4dcc17a003b,Your first project,Medium,,Nandan,712020:922e0a12-4d1a-458b-a17a-cdcf5380191e,Nandan,712020:922e0a12-4d1a-458b-a17a-cdcf5380191e,Nandan,712020:922e0a12-4d1a-458b-a17a-cdcf5380191e,08/Jan/26 11:31 AM,13/Jan/26 10:38 AM,,,,0,,,Nandan,,,712020:922e0a12-4d1a-458b-a17a-cdcf5380191e,,,,,,,,,,,,,,0|i00086:pi,SCRUM Sprint 0,,,,,08/Jan/26 11:39 AM;712020:922e0a12-4d1a-458b-a17a-cdcf5380191e;[https://docs.google.com/document/d/15dQZSDEiqlcolY3omfQDot2Bezh6mI8UdbrAttuSf-k/edit?usp=sharing|https://docs.google.com/document/d/15dQZSDEiqlcolY3omfQDot2Bezh6mI8UdbrAttuSf-k/edit?usp=sharing|smart-link] ,,In Progress,08/Jan/26 11:31 AM
Input Type Issue at OR page,SCRUM-85,10532,Feature,In Review,SCRUM,Wholesale On Wheels,software,Ascription Technologies,712020:eb769461-ebd7-4f5d-9335-a4dcc17a003b,Your first project,Medium,,"525_ AN,AND 'GOUD'",61ab0edec15977006a0401ae,Nandan,712020:922e0a12-4d1a-458b-a17a-cdcf5380191e,Nandan,712020:922e0a12-4d1a-458b-a17a-cdcf5380191e,08/Jan/26 11:30 AM,08/Jan/26 12:03 PM,,,,0,,,"525_ AN,AND 'GOUD'",Nandan,,61ab0edec15977006a0401ae,712020:922e0a12-4d1a-458b-a17a-cdcf5380191e,,,,,,,,,,,,,0|i00086:n,SCRUM Sprint 0,,,,,08/Jan/26 12:02 PM;61ab0edec15977006a0401ae;[https://docs.google.com/document/d/1BoQ1d3LIPYgbkD8ktMUFuo0H2sHYK9F2XloMewzk8gw/edit?usp=sharing|https://docs.google.com/document/d/1BoQ1d3LIPYgbkD8ktMUFuo0H2sHYK9F2XloMewzk8gw/edit?usp=sharing|smart-link] ,,In Progress,08/Jan/26 11:30 AM
Search Filter in Admin of Order page FIX,SCRUM-84,10499,Feature,In Review,SCRUM,Wholesale On Wheels,software,Ascription Technologies,712020:eb769461-ebd7-4f5d-9335-a4dcc17a003b,Your first project,Medium,,Nandan,712020:922e0a12-4d1a-458b-a17a-cdcf5380191e,Nandan,712020:922e0a12-4d1a-458b-a17a-cdcf5380191e,Nandan,712020:922e0a12-4d1a-458b-a17a-cdcf5380191e,06/Jan/26 3:20 PM,13/Jan/26 10:38 AM,,,,0,,,Nandan,,,712020:922e0a12-4d1a-458b-a17a-cdcf5380191e,,,,,,,,,,,,,,0|i00086:oi,SCRUM Sprint 0,,,,,06/Jan/26 4:45 PM;712020:922e0a12-4d1a-458b-a17a-cdcf5380191e;[[Search Implementation for Orders Page]|https://docs.google.com/document/d/1Uq2AS75Cx4Sdbr-YKs4leCpPloiX8xus9QGFy_4_q3U/edit?usp=sharing] ,,In Progress,06/Jan/26 3:20 PM
excel order id fix,SCRUM-83,10466,Feature,In Review,SCRUM,Wholesale On Wheels,software,Ascription Technologies,712020:eb769461-ebd7-4f5d-9335-a4dcc17a003b,Your first project,Medium,,Nandan,712020:922e0a12-4d1a-458b-a17a-cdcf5380191e,Vathan,712020:26331195-b142-4e76-92ac-0333e0e1fda4,Vathan,712020:26331195-b142-4e76-92ac-0333e0e1fda4,06/Jan/26 10:13 AM,13/Jan/26 10:38 AM,,,,0,,,Nandan,Vathan,,712020:922e0a12-4d1a-458b-a17a-cdcf5380191e,712020:26331195-b142-4e76-92ac-0333e0e1fda4,,,,,,,,,,,,,0|i00086:g,SCRUM Sprint 0,,,,,06/Jan/26 11:30 AM;712020:922e0a12-4d1a-458b-a17a-cdcf5380191e;[https://docs.google.com/document/d/1pcECZkk_O8bFGm_QkTlAsJKRRkMiHUawo9K7QcHPIhc/edit?usp=sharing|https://docs.google.com/document/d/1pcECZkk_O8bFGm_QkTlAsJKRRkMiHUawo9K7QcHPIhc/edit?usp=sharing|smart-link] ,,In Progress,06/Jan/26 10:13 AM
extracted name edit issue fix in order review page,SCRUM-82,10465,Feature,In Review,SCRUM,Wholesale On Wheels,software,Ascription Technologies,712020:eb769461-ebd7-4f5d-9335-a4dcc17a003b,Your first project,Medium,,"525_ AN,AND 'GOUD'",61ab0edec15977006a0401ae,Vathan,712020:26331195-b142-4e76-92ac-0333e0e1fda4,Vathan,712020:26331195-b142-4e76-92ac-0333e0e1fda4,06/Jan/26 10:12 AM,08/Jan/26 11:34 AM,,,,0,,,"525_ AN,AND 'GOUD'",Vathan,,61ab0edec15977006a0401ae,712020:26331195-b142-4e76-92ac-0333e0e1fda4,,,,,,,,,,,,,0|i00086:k,SCRUM Sprint 0,,,,,06/Jan/26 11:34 AM;61ab0edec15977006a0401ae;[https://docs.google.com/document/d/1ld401ESxkKp3krJ9OT-k4zc_s3F2o3cOC0o1I2M4_go/edit?usp=sharing|https://docs.google.com/document/d/1ld401ESxkKp3krJ9OT-k4zc_s3F2o3cOC0o1I2M4_go/edit?usp=sharing|smart-link] ,,In Progress,06/Jan/26 10:12 AM
whatsapp data page and retry feat,SCRUM-81,10432,Feature,In Review,SCRUM,Wholesale On Wheels,software,Ascription Technologies,712020:eb769461-ebd7-4f5d-9335-a4dcc17a003b,Your first project,Medium,,"525_ AN,AND 'GOUD'",61ab0edec15977006a0401ae,"525_ AN,AND 'GOUD'",61ab0edec15977006a0401ae,"525_ AN,AND 'GOUD'",61ab0edec15977006a0401ae,02/Jan/26 1:47 PM,02/Jan/26 1:47 PM,,,,0,,,"525_ AN,AND 'GOUD'",,,61ab0edec15977006a0401ae,,,,,,,,,,,,,,0|i00086:d,SCRUM Sprint 0,,,,,,,In Progress,02/Jan/26 1:47 PM
"Media Preview was not working , when manually uploaded files",SCRUM-80,10399,Feature,Done,SCRUM,Wholesale On Wheels,software,Ascription Technologies,712020:eb769461-ebd7-4f5d-9335-a4dcc17a003b,Your first project,Medium,Done,"525_ AN,AND 'GOUD'",61ab0edec15977006a0401ae,"525_ AN,AND 'GOUD'",61ab0edec15977006a0401ae,"525_ AN,AND 'GOUD'",61ab0edec15977006a0401ae,30/Dec/25 11:55 AM,30/Dec/25 3:16 PM,,30/Dec/25 3:16 PM,,0,,,"525_ AN,AND 'GOUD'",,,61ab0edec15977006a0401ae,,,,,,,,,,,,,,0|i000cb:,SCRUM Sprint 0,,,,,30/Dec/25 12:40 PM;61ab0edec15977006a0401ae;[https://docs.google.com/document/d/17OlrvkVqvQTzSN0D2NsXiyEcpvCiYODpUoJZgu6Gqs0/edit?usp=sharing|https://docs.google.com/document/d/17OlrvkVqvQTzSN0D2NsXiyEcpvCiYODpUoJZgu6Gqs0/edit?usp=sharing|smart-link] ,,Done,30/Dec/25 3:16 PM
Fix loading problem while creating manual order,SCRUM-79,10398,Feature,Done,SCRUM,Wholesale On Wheels,software,Ascription Technologies,712020:eb769461-ebd7-4f5d-9335-a4dcc17a003b,Your first project,Medium,Done,Nandan,712020:922e0a12-4d1a-458b-a17a-cdcf5380191e,Rahul Varma,712020:7c1bbce9-f7cc-42c9-9d64-87d5554d6c81,Rahul Varma,712020:7c1bbce9-f7cc-42c9-9d64-87d5554d6c81,30/Dec/25 10:17 AM,30/Dec/25 3:17 PM,,30/Dec/25 3:17 PM,,0,,,Nandan,Rahul Varma,,712020:922e0a12-4d1a-458b-a17a-cdcf5380191e,712020:7c1bbce9-f7cc-42c9-9d64-87d5554d6c81,,,,,,,,,,,,,0|i000c7:,SCRUM Sprint 0,,,,,30/Dec/25 11:20 AM;712020:922e0a12-4d1a-458b-a17a-cdcf5380191e;[https://docs.google.com/document/d/1OgqUaq-B5SoZ_YbWEchJ-hK5zqnGHttHV1zI3ymxl-A/edit?usp=sharing|https://docs.google.com/document/d/1OgqUaq-B5SoZ_YbWEchJ-hK5zqnGHttHV1zI3ymxl-A/edit?usp=sharing|smart-link] ,,Done,30/Dec/25 3:17 PM
Fix Error and confirmation message for user perspective for order pages ,SCRUM-78,10365,Feature,Done,SCRUM,Wholesale On Wheels,software,Ascription Technologies,712020:eb769461-ebd7-4f5d-9335-a4dcc17a003b,Your first project,Medium,Done,"525_ AN,AND 'GOUD'",61ab0edec15977006a0401ae,"525_ AN,AND 'GOUD'",61ab0edec15977006a0401ae,"525_ AN,AND 'GOUD'",61ab0edec15977006a0401ae,29/Dec/25 10:39 AM,30/Dec/25 10:09 AM,,30/Dec/25 10:09 AM,,0,,,"525_ AN,AND 'GOUD'",,,61ab0edec15977006a0401ae,,,,,,,,,,,,,,0|i0007s:,SCRUM Sprint 0,,,,,,,Done,30/Dec/25 10:09 AM
Fix error handling in frontend for Order pages,SCRUM-77,10364,Feature,Done,SCRUM,Wholesale On Wheels,software,Ascription Technologies,712020:eb769461-ebd7-4f5d-9335-a4dcc17a003b,Your first project,Medium,Done,"525_ AN,AND 'GOUD'",61ab0edec15977006a0401ae,"525_ AN,AND 'GOUD'",61ab0edec15977006a0401ae,"525_ AN,AND 'GOUD'",61ab0edec15977006a0401ae,29/Dec/25 10:39 AM,30/Dec/25 10:12 AM,,30/Dec/25 10:12 AM,,0,,,"525_ AN,AND 'GOUD'",,,61ab0edec15977006a0401ae,,,,,,,,,,,,,,0|i0007t:,SCRUM Sprint 0,,,,,,,Done,30/Dec/25 10:12 AM
Create new user modal for admin only,SCRUM-76,10363,Feature,Done,SCRUM,Wholesale On Wheels,software,Ascription Technologies,712020:eb769461-ebd7-4f5d-9335-a4dcc17a003b,Your first project,Medium,Done,Ascription Technologies,712020:eb769461-ebd7-4f5d-9335-a4dcc17a003b,Vidhya sagar,712020:19be3ef8-4d83-4aa3-aee1-6c1b5c31dd7d,Vidhya sagar,712020:19be3ef8-4d83-4aa3-aee1-6c1b5c31dd7d,29/Dec/25 10:28 AM,29/Dec/25 3:38 PM,,29/Dec/25 3:38 PM,,0,,,Vidhya sagar,,,712020:19be3ef8-4d83-4aa3-aee1-6c1b5c31dd7d,,,,,,,,,,,,,,0|i00086:r,SCRUM Sprint 0,,,,,,,Done,29/Dec/25 3:38 PM
Fix 404 not found error in complete orders page,SCRUM-75,10362,Feature,Done,SCRUM,Wholesale On Wheels,software,Ascription Technologies,712020:eb769461-ebd7-4f5d-9335-a4dcc17a003b,Your first project,Medium,Done,"525_ AN,AND 'GOUD'",61ab0edec15977006a0401ae,Vidhya sagar,712020:19be3ef8-4d83-4aa3-aee1-6c1b5c31dd7d,Vidhya sagar,712020:19be3ef8-4d83-4aa3-aee1-6c1b5c31dd7d,29/Dec/25 9:56 AM,30/Dec/25 10:11 AM,,30/Dec/25 10:11 AM,,0,,,Vidhya sagar,,,712020:19be3ef8-4d83-4aa3-aee1-6c1b5c31dd7d,,,,,,,,,,,,,,0|i0007s:i,SCRUM Sprint 0,,,,,,,Done,30/Dec/25 10:11 AM
Read this blog for css optimization ,SCRUM-74,10329,Feature,Idea,SCRUM,Wholesale On Wheels,software,Ascription Technologies,712020:eb769461-ebd7-4f5d-9335-a4dcc17a003b,Your first project,Medium,,,,Vidhya sagar,712020:19be3ef8-4d83-4aa3-aee1-6c1b5c31dd7d,Vidhya sagar,712020:19be3ef8-4d83-4aa3-aee1-6c1b5c31dd7d,28/Dec/25 4:33 PM,30/Dec/25 10:30 AM,,,,0,,,Vidhya sagar,,,712020:19be3ef8-4d83-4aa3-aee1-6c1b5c31dd7d,,,,,,,,,,,,,,0|i0006m:y,SCRUM Sprint 0,,,,,,,To Do,30/Dec/25 10:30 AM
Fix by Make the types file single or features based ,SCRUM-73,10328,Feature,Idea,SCRUM,Wholesale On Wheels,software,Ascription Technologies,712020:eb769461-ebd7-4f5d-9335-a4dcc17a003b,Your first project,Medium,,,,Vidhya sagar,712020:19be3ef8-4d83-4aa3-aee1-6c1b5c31dd7d,Vidhya sagar,712020:19be3ef8-4d83-4aa3-aee1-6c1b5c31dd7d,28/Dec/25 4:29 PM,30/Dec/25 10:30 AM,,,,0,,,Vidhya sagar,,,712020:19be3ef8-4d83-4aa3-aee1-6c1b5c31dd7d,,,,,,,,,,,,,,0|i0006m:x,SCRUM Sprint 0,,,,,,,To Do,30/Dec/25 10:30 AM
Use dynamic imports for non critical features,SCRUM-72,10327,Feature,Idea,SCRUM,Wholesale On Wheels,software,Ascription Technologies,712020:eb769461-ebd7-4f5d-9335-a4dcc17a003b,Your first project,Medium,,,,Vidhya sagar,712020:19be3ef8-4d83-4aa3-aee1-6c1b5c31dd7d,Vidhya sagar,712020:19be3ef8-4d83-4aa3-aee1-6c1b5c31dd7d,28/Dec/25 4:19 PM,30/Dec/25 10:30 AM,,,,0,,,Vidhya sagar,,,712020:19be3ef8-4d83-4aa3-aee1-6c1b5c31dd7d,,,,,,,,,,,,,,0|i0006m:v,SCRUM Sprint 0,,,,,,,To Do,30/Dec/25 10:30 AM
Use webp images in frontend ,SCRUM-71,10326,Feature,Done,SCRUM,Wholesale On Wheels,software,Ascription Technologies,712020:eb769461-ebd7-4f5d-9335-a4dcc17a003b,Your first project,Medium,Done,Nandan,712020:922e0a12-4d1a-458b-a17a-cdcf5380191e,Vidhya sagar,712020:19be3ef8-4d83-4aa3-aee1-6c1b5c31dd7d,Vidhya sagar,712020:19be3ef8-4d83-4aa3-aee1-6c1b5c31dd7d,28/Dec/25 4:15 PM,30/Dec/25 3:18 PM,,30/Dec/25 3:18 PM,,0,,,Vidhya sagar,,,712020:19be3ef8-4d83-4aa3-aee1-6c1b5c31dd7d,,,,,,,,,,,,,,0|i000d3:,SCRUM Sprint 0,,,,,,,Done,30/Dec/25 3:18 PM
Preview pdf and text,SCRUM-70,10325,Feature,Done,SCRUM,Wholesale On Wheels,software,Ascription Technologies,712020:eb769461-ebd7-4f5d-9335-a4dcc17a003b,Your first project,Medium,Done,"525_ AN,AND 'GOUD'",61ab0edec15977006a0401ae,Vidhya sagar,712020:19be3ef8-4d83-4aa3-aee1-6c1b5c31dd7d,Vidhya sagar,712020:19be3ef8-4d83-4aa3-aee1-6c1b5c31dd7d,28/Dec/25 4:14 PM,30/Dec/25 10:10 AM,,30/Dec/25 10:10 AM,,0,,,Vidhya sagar,,,712020:19be3ef8-4d83-4aa3-aee1-6c1b5c31dd7d,,,,,,,,,,,,,,0|i0007s:9,SCRUM Sprint 0,,,,,,,Done,30/Dec/25 10:10 AM
Use asynchronous functions for heavy and timetaking functions,SCRUM-69,10324,Feature,Idea,SCRUM,Wholesale On Wheels,software,Ascription Technologies,712020:eb769461-ebd7-4f5d-9335-a4dcc17a003b,Your first project,Medium,,,,Vidhya sagar,712020:19be3ef8-4d83-4aa3-aee1-6c1b5c31dd7d,Vidhya sagar,712020:19be3ef8-4d83-4aa3-aee1-6c1b5c31dd7d,28/Dec/25 4:13 PM,30/Dec/25 10:29 AM,,,,0,,,Vidhya sagar,,,712020:19be3ef8-4d83-4aa3-aee1-6c1b5c31dd7d,,,,,,,,,,,,,,0|i0006m:r,SCRUM Sprint 0,,,,,,,To Do,30/Dec/25 10:29 AM
Use cache for less changeble data ,SCRUM-68,10323,Feature,Idea,SCRUM,Wholesale On Wheels,software,Ascription Technologies,712020:eb769461-ebd7-4f5d-9335-a4dcc17a003b,Your first project,Medium,,,,Vidhya sagar,712020:19be3ef8-4d83-4aa3-aee1-6c1b5c31dd7d,Vidhya sagar,712020:19be3ef8-4d83-4aa3-aee1-6c1b5c31dd7d,28/Dec/25 4:13 PM,30/Dec/25 10:28 AM,28/Dec/25 4:33 PM,,,0,[https://blog.logrocket.com/stop-using-js-for-css/|https://blog.logrocket.com/stop-using-js-for-css/|smart-link],,Vidhya sagar,,,712020:19be3ef8-4d83-4aa3-aee1-6c1b5c31dd7d,,,,,,,,,,,,,,0|i0006l:,SCRUM Sprint 0,,,,,,,To Do,30/Dec/25 10:28 AM
Fix 2 high critical libraries used in packages,SCRUM-67,10322,Feature,Idea,SCRUM,Wholesale On Wheels,software,Ascription Technologies,712020:eb769461-ebd7-4f5d-9335-a4dcc17a003b,Your first project,Medium,,,,Vidhya sagar,712020:19be3ef8-4d83-4aa3-aee1-6c1b5c31dd7d,Vidhya sagar,712020:19be3ef8-4d83-4aa3-aee1-6c1b5c31dd7d,28/Dec/25 4:12 PM,30/Dec/25 10:28 AM,,,,0,,,Vidhya sagar,,,712020:19be3ef8-4d83-4aa3-aee1-6c1b5c31dd7d,,,,,,,,,,,,,,0|i0006m:,SCRUM Sprint 0,,,,,,,To Do,30/Dec/25 10:28 AM
Recheck where we can use content-visibility- auto,SCRUM-66,10321,Feature,Idea,SCRUM,Wholesale On Wheels,software,Ascription Technologies,712020:eb769461-ebd7-4f5d-9335-a4dcc17a003b,Your first project,Medium,,,,Vidhya sagar,712020:19be3ef8-4d83-4aa3-aee1-6c1b5c31dd7d,Vidhya sagar,712020:19be3ef8-4d83-4aa3-aee1-6c1b5c31dd7d,28/Dec/25 4:10 PM,30/Dec/25 10:28 AM,28/Dec/25 4:32 PM,,,0,Newer CSS features can improve performance. One notable example is content-visibility: auto. This property allows the browser to skip rendering work for off-screen content until it is needed. Using content-visibility: auto on containers far down the page can significantly boost render performance by deferring work for content not yet visible. This means faster initial load and better interaction timing (INP) because the browser isnâ€™t busy painting things the user canâ€™t see yet. Use it for large lists or sections that start off-screen â€“ youâ€™ll reduce memory usage and speed up the parts that matter most to the user.,,Vidhya sagar,,,712020:19be3ef8-4d83-4aa3-aee1-6c1b5c31dd7d,,,,,,,,,,,,,,0|i0006j:,SCRUM Sprint 0,,,,,,,To Do,30/Dec/25 10:28 AM
Remove unused css,SCRUM-65,10320,Feature,Done,SCRUM,Wholesale On Wheels,software,Ascription Technologies,712020:eb769461-ebd7-4f5d-9335-a4dcc17a003b,Your first project,Medium,Done,,,Vidhya sagar,712020:19be3ef8-4d83-4aa3-aee1-6c1b5c31dd7d,Vidhya sagar,712020:19be3ef8-4d83-4aa3-aee1-6c1b5c31dd7d,28/Dec/25 4:09 PM,31/Dec/25 10:02 AM,28/Dec/25 4:33 PM,31/Dec/25 10:02 AM,,0,,,"525_ AN,AND 'GOUD'",Vidhya sagar,,61ab0edec15977006a0401ae,712020:19be3ef8-4d83-4aa3-aee1-6c1b5c31dd7d,,,,,,,,,,,,,0|i000cv:,SCRUM Sprint 0,,,,,30/Dec/25 4:38 PM;61ab0edec15977006a0401ae;[https://docs.google.com/document/d/17ZJ8wTpPM4n4WOVkqxx4zFyqpemjgX0k5NvA6RUMMV0/edit?usp=sharing|https://docs.google.com/document/d/17ZJ8wTpPM4n4WOVkqxx4zFyqpemjgX0k5NvA6RUMMV0/edit?usp=sharing|smart-link] ,,Done,31/Dec/25 10:02 AM
"Remove unused imports , libraries , code ",SCRUM-64,10319,Feature,Idea,SCRUM,Wholesale On Wheels,software,Ascription Technologies,712020:eb769461-ebd7-4f5d-9335-a4dcc17a003b,Your first project,Medium,,,,Vidhya sagar,712020:19be3ef8-4d83-4aa3-aee1-6c1b5c31dd7d,Vidhya sagar,712020:19be3ef8-4d83-4aa3-aee1-6c1b5c31dd7d,28/Dec/25 4:08 PM,30/Dec/25 10:29 AM,,,,0,,,Vidhya sagar,,,712020:19be3ef8-4d83-4aa3-aee1-6c1b5c31dd7d,,,,,,,,,,,,,,0|i0006m:i,SCRUM Sprint 0,,,,,,,To Do,30/Dec/25 10:29 AM
Remove sensitive information outside environment variables ,SCRUM-63,10318,Feature,Done,SCRUM,Wholesale On Wheels,software,Ascription Technologies,712020:eb769461-ebd7-4f5d-9335-a4dcc17a003b,Your first project,Medium,Done,Nandan,712020:922e0a12-4d1a-458b-a17a-cdcf5380191e,Vidhya sagar,712020:19be3ef8-4d83-4aa3-aee1-6c1b5c31dd7d,Vidhya sagar,712020:19be3ef8-4d83-4aa3-aee1-6c1b5c31dd7d,28/Dec/25 4:06 PM,31/Dec/25 10:02 AM,,31/Dec/25 10:02 AM,,0,,,Vidhya sagar,,,712020:19be3ef8-4d83-4aa3-aee1-6c1b5c31dd7d,,,,,,,,,,,,,,0|i000cz:,SCRUM Sprint 0,,,,,,,Done,31/Dec/25 10:02 AM
Check any fetching inside useeffect which needed to be optimised ,SCRUM-62,10317,Feature,Done,SCRUM,Wholesale On Wheels,software,Ascription Technologies,712020:eb769461-ebd7-4f5d-9335-a4dcc17a003b,Your first project,Medium,Done,,,Vidhya sagar,712020:19be3ef8-4d83-4aa3-aee1-6c1b5c31dd7d,Vidhya sagar,712020:19be3ef8-4d83-4aa3-aee1-6c1b5c31dd7d,28/Dec/25 4:06 PM,30/Dec/25 3:15 PM,,30/Dec/25 3:15 PM,,0,,,"525_ AN,AND 'GOUD'",Nandan,Vidhya sagar,61ab0edec15977006a0401ae,712020:922e0a12-4d1a-458b-a17a-cdcf5380191e,712020:19be3ef8-4d83-4aa3-aee1-6c1b5c31dd7d,,,,,,,,,,,,0|i000cf:,SCRUM Sprint 0,,,,,30/Dec/25 12:11 PM;61ab0edec15977006a0401ae;[https://docs.google.com/document/d/1lr7KVygRn9S0KkB8HA-hPOOwGWnGExYZaYGbT6pUOwQ/edit?usp=sharing|https://docs.google.com/document/d/1lr7KVygRn9S0KkB8HA-hPOOwGWnGExYZaYGbT6pUOwQ/edit?usp=sharing|smart-link] ,30/Dec/25 12:54 PM;712020:922e0a12-4d1a-458b-a17a-cdcf5380191e;[https://docs.google.com/document/d/1QU2TbC2xaIIFr72dOl9SzAHhcD9gFGRibAKZjzINMDs/edit?usp=sharing|https://docs.google.com/document/d/1QU2TbC2xaIIFr72dOl9SzAHhcD9gFGRibAKZjzINMDs/edit?usp=sharing|smart-link] ,Done,30/Dec/25 3:15 PM
Documention for worked features ,SCRUM-61,10316,Feature,In Review,SCRUM,Wholesale On Wheels,software,Ascription Technologies,712020:eb769461-ebd7-4f5d-9335-a4dcc17a003b,Your first project,Medium,,"525_ AN,AND 'GOUD'",61ab0edec15977006a0401ae,Vidhya sagar,712020:19be3ef8-4d83-4aa3-aee1-6c1b5c31dd7d,Vidhya sagar,712020:19be3ef8-4d83-4aa3-aee1-6c1b5c31dd7d,28/Dec/25 4:05 PM,08/Jan/26 12:03 PM,,,,0,,,Vidhya sagar,,,712020:19be3ef8-4d83-4aa3-aee1-6c1b5c31dd7d,,,,,,,,,,,,,,0|i00086:p,SCRUM Sprint 0,,,,,,,In Progress,28/Dec/25 4:05 PM
Skeleton loading to better UX,SCRUM-60,10315,Feature,In Review,SCRUM,Wholesale On Wheels,software,Ascription Technologies,712020:eb769461-ebd7-4f5d-9335-a4dcc17a003b,Your first project,Medium,,Ascription Technologies,712020:eb769461-ebd7-4f5d-9335-a4dcc17a003b,Vidhya sagar,712020:19be3ef8-4d83-4aa3-aee1-6c1b5c31dd7d,Vidhya sagar,712020:19be3ef8-4d83-4aa3-aee1-6c1b5c31dd7d,28/Dec/25 4:05 PM,31/Dec/25 10:01 AM,,,,0,,,Vidhya sagar,,,712020:19be3ef8-4d83-4aa3-aee1-6c1b5c31dd7d,,,,,,,,,,,,,,0|i00086:,SCRUM Sprint 0,,,,,,,In Progress,28/Dec/25 4:05 PM
Fix Error and confirmation message for user perspective ,SCRUM-59,10314,Feature,Done,SCRUM,Wholesale On Wheels,software,Ascription Technologies,712020:eb769461-ebd7-4f5d-9335-a4dcc17a003b,Your first project,Medium,Done,Nandan,712020:922e0a12-4d1a-458b-a17a-cdcf5380191e,Vidhya sagar,712020:19be3ef8-4d83-4aa3-aee1-6c1b5c31dd7d,Vidhya sagar,712020:19be3ef8-4d83-4aa3-aee1-6c1b5c31dd7d,28/Dec/25 4:04 PM,30/Dec/25 10:14 AM,,30/Dec/25 10:14 AM,,0,,,Vidhya sagar,,,712020:19be3ef8-4d83-4aa3-aee1-6c1b5c31dd7d,,,,,,,,,,,,,,0|i00085:,SCRUM Sprint 0,,,,,,,Done,30/Dec/25 10:14 AM
Fix error handling in frontend ,SCRUM-58,10313,Feature,Done,SCRUM,Wholesale On Wheels,software,Ascription Technologies,712020:eb769461-ebd7-4f5d-9335-a4dcc17a003b,Your first project,Medium,Done,Nandan,712020:922e0a12-4d1a-458b-a17a-cdcf5380191e,Vidhya sagar,712020:19be3ef8-4d83-4aa3-aee1-6c1b5c31dd7d,Vidhya sagar,712020:19be3ef8-4d83-4aa3-aee1-6c1b5c31dd7d,28/Dec/25 4:03 PM,30/Dec/25 10:17 AM,,30/Dec/25 10:17 AM,,0,,,Nandan,Vidhya sagar,,712020:922e0a12-4d1a-458b-a17a-cdcf5380191e,712020:19be3ef8-4d83-4aa3-aee1-6c1b5c31dd7d,,,,,,,,,,,,,0|i00083:,SCRUM Sprint 0,,,,,29/Dec/25 5:25 PM;712020:922e0a12-4d1a-458b-a17a-cdcf5380191e;[https://docs.google.com/document/d/1IswnzLHGRhwxbnHf1ivw7HsAAg_PcqZ5KUEF_wiBq0Y/edit?usp=sharing|https://docs.google.com/document/d/1IswnzLHGRhwxbnHf1ivw7HsAAg_PcqZ5KUEF_wiBq0Y/edit?usp=sharing|smart-link] ,,Done,30/Dec/25 10:17 AM
Analytics in dashboard ,SCRUM-57,10312,Feature,Done,SCRUM,Wholesale On Wheels,software,Ascription Technologies,712020:eb769461-ebd7-4f5d-9335-a4dcc17a003b,Your first project,Medium,Done,Rahul Varma,712020:7c1bbce9-f7cc-42c9-9d64-87d5554d6c81,Vidhya sagar,712020:19be3ef8-4d83-4aa3-aee1-6c1b5c31dd7d,Vidhya sagar,712020:19be3ef8-4d83-4aa3-aee1-6c1b5c31dd7d,28/Dec/25 4:03 PM,30/Dec/25 10:19 AM,,30/Dec/25 10:19 AM,,0,,,Vidhya sagar,,,712020:19be3ef8-4d83-4aa3-aee1-6c1b5c31dd7d,,,,,,,,,,,,,,0|i00087:,SCRUM Sprint 0,,,,,,,Done,30/Dec/25 10:19 AM
All Line Items and Headings to be aligned to centre. - Manual Order and Upload,SCRUM-56,10279,Feature,Done,SCRUM,Wholesale On Wheels,software,Ascription Technologies,712020:eb769461-ebd7-4f5d-9335-a4dcc17a003b,Your first project,Medium,Done,Nandan,712020:922e0a12-4d1a-458b-a17a-cdcf5380191e,Rahul Varma,712020:7c1bbce9-f7cc-42c9-9d64-87d5554d6c81,Rahul Varma,712020:7c1bbce9-f7cc-42c9-9d64-87d5554d6c81,27/Dec/25 2:49 PM,30/Dec/25 10:09 AM,,30/Dec/25 10:09 AM,,0,,,Rahul Varma,,,712020:7c1bbce9-f7cc-42c9-9d64-87d5554d6c81,,,,,,,,,,,,,,0|i0007z:,SCRUM Sprint 0,,,,,,,Done,30/Dec/25 10:09 AM
implement redis,SCRUM-55,10278,Feature,Done,SCRUM,Wholesale On Wheels,software,Ascription Technologies,712020:eb769461-ebd7-4f5d-9335-a4dcc17a003b,Your first project,Medium,Done,Vathan,712020:26331195-b142-4e76-92ac-0333e0e1fda4,Vathan,712020:26331195-b142-4e76-92ac-0333e0e1fda4,Vathan,712020:26331195-b142-4e76-92ac-0333e0e1fda4,27/Dec/25 12:00 PM,30/Dec/25 10:13 AM,,30/Dec/25 10:13 AM,,0,,,Vathan,,,712020:26331195-b142-4e76-92ac-0333e0e1fda4,,,,,,,,,,,,,,0|i0001g:,SCRUM Sprint 0,,,,,,,Done,30/Dec/25 10:13 AM
pass timetaken to orders from preorders,SCRUM-54,10277,Feature,Done,SCRUM,Wholesale On Wheels,software,Ascription Technologies,712020:eb769461-ebd7-4f5d-9335-a4dcc17a003b,Your first project,Medium,Done,Vidhya sagar,712020:19be3ef8-4d83-4aa3-aee1-6c1b5c31dd7d,Nandan,712020:922e0a12-4d1a-458b-a17a-cdcf5380191e,Nandan,712020:922e0a12-4d1a-458b-a17a-cdcf5380191e,27/Dec/25 11:57 AM,27/Dec/25 2:03 PM,,27/Dec/25 2:03 PM,,0,,,Nandan,,,712020:922e0a12-4d1a-458b-a17a-cdcf5380191e,,,,,,,,,,,,,,0|i0000x:v,SCRUM Sprint 0,,,,,,,Done,27/Dec/25 2:03 PM
quick summary frontend,SCRUM-53,10244,Feature,Done,SCRUM,Wholesale On Wheels,software,Ascription Technologies,712020:eb769461-ebd7-4f5d-9335-a4dcc17a003b,Your first project,Medium,Done,Nandan,712020:922e0a12-4d1a-458b-a17a-cdcf5380191e,Vathan,712020:26331195-b142-4e76-92ac-0333e0e1fda4,Vathan,712020:26331195-b142-4e76-92ac-0333e0e1fda4,26/Dec/25 4:22 PM,30/Dec/25 10:17 AM,,30/Dec/25 10:17 AM,,0,,,Nandan,Vathan,,712020:922e0a12-4d1a-458b-a17a-cdcf5380191e,712020:26331195-b142-4e76-92ac-0333e0e1fda4,,,,,,,,,,,,,0|i0003r:,SCRUM Sprint 0,,,,,29/Dec/25 4:29 PM;712020:922e0a12-4d1a-458b-a17a-cdcf5380191e;[https://docs.google.com/document/d/1D4v7g42o2RkSMAcMjT3Go2ihahRU22DnajCVwt1k9Ck/edit?usp=sharing|https://docs.google.com/document/d/1D4v7g42o2RkSMAcMjT3Go2ihahRU22DnajCVwt1k9Ck/edit?usp=sharing|smart-link] ,,Done,30/Dec/25 10:17 AM
needs stats for quick summary,SCRUM-52,10243,Feature,Done,SCRUM,Wholesale On Wheels,software,Ascription Technologies,712020:eb769461-ebd7-4f5d-9335-a4dcc17a003b,Your first project,Lowest,Done,Vidhya sagar,712020:19be3ef8-4d83-4aa3-aee1-6c1b5c31dd7d,Vathan,712020:26331195-b142-4e76-92ac-0333e0e1fda4,Vathan,712020:26331195-b142-4e76-92ac-0333e0e1fda4,26/Dec/25 4:21 PM,26/Dec/25 4:53 PM,26/Dec/25 4:40 PM,26/Dec/25 4:53 PM,,0,"{{unverified}}

{{review}}

{{locked}}

{{completed}}",,Vathan,,,712020:26331195-b142-4e76-92ac-0333e0e1fda4,,,,,,,,,,,,,,0|i00010:02,SCRUM Sprint 0,,,,,,,Done,26/Dec/25 4:53 PM
View page for Complete Order,SCRUM-51,10242,Feature,Done,SCRUM,Wholesale On Wheels,software,Ascription Technologies,712020:eb769461-ebd7-4f5d-9335-a4dcc17a003b,Your first project,Medium,Done,"525_ AN,AND 'GOUD'",61ab0edec15977006a0401ae,"525_ AN,AND 'GOUD'",61ab0edec15977006a0401ae,"525_ AN,AND 'GOUD'",61ab0edec15977006a0401ae,26/Dec/25 11:03 AM,30/Dec/25 10:09 AM,,30/Dec/25 10:09 AM,,0,,,"525_ AN,AND 'GOUD'",,,61ab0edec15977006a0401ae,,,,,,,,,,,,,,0|i0007r:,SCRUM Sprint 0,,,,,,,Done,30/Dec/25 10:09 AM
Pre-Order ID Format?,SCRUM-50,10241,Feature,Done,SCRUM,Wholesale On Wheels,software,Ascription Technologies,712020:eb769461-ebd7-4f5d-9335-a4dcc17a003b,Your first project,Medium,Done,Vidhya sagar,712020:19be3ef8-4d83-4aa3-aee1-6c1b5c31dd7d,Rahul Varma,712020:7c1bbce9-f7cc-42c9-9d64-87d5554d6c81,Rahul Varma,712020:7c1bbce9-f7cc-42c9-9d64-87d5554d6c81,26/Dec/25 10:12 AM,26/Dec/25 11:47 AM,,26/Dec/25 11:47 AM,,0,,,Rahul Varma,,,712020:7c1bbce9-f7cc-42c9-9d64-87d5554d6c81,,,,,,,,,,,,,,0|i0000x:r,SCRUM Sprint 0,,,,,,,Done,26/Dec/25 11:47 AM
whatsapp nodejs to python,SCRUM-49,10240,Feature,Done,SCRUM,Wholesale On Wheels,software,Ascription Technologies,712020:eb769461-ebd7-4f5d-9335-a4dcc17a003b,Your first project,Medium,Done,Vathan,712020:26331195-b142-4e76-92ac-0333e0e1fda4,Vathan,712020:26331195-b142-4e76-92ac-0333e0e1fda4,Vathan,712020:26331195-b142-4e76-92ac-0333e0e1fda4,26/Dec/25 9:58 AM,27/Dec/25 12:00 PM,,27/Dec/25 12:00 PM,,0,,,Vathan,,,712020:26331195-b142-4e76-92ac-0333e0e1fda4,,,,,,,,,,,,,,0|i0000x:m,SCRUM Sprint 0,,,,,,,Done,27/Dec/25 12:00 PM
Excel format for tally,SCRUM-48,10207,Feature,Done,SCRUM,Wholesale On Wheels,software,Ascription Technologies,712020:eb769461-ebd7-4f5d-9335-a4dcc17a003b,Your first project,Medium,Done,Rahul Varma,712020:7c1bbce9-f7cc-42c9-9d64-87d5554d6c81,Rahul Varma,712020:7c1bbce9-f7cc-42c9-9d64-87d5554d6c81,Rahul Varma,712020:7c1bbce9-f7cc-42c9-9d64-87d5554d6c81,24/Dec/25 11:59 AM,24/Dec/25 3:14 PM,,24/Dec/25 3:14 PM,,0,,,Rahul Varma,,,712020:7c1bbce9-f7cc-42c9-9d64-87d5554d6c81,,,,,,,,,,,,,,0|i00073:,SCRUM Sprint 0,,,,,,,Done,24/Dec/25 3:14 PM
Picklist Excel In Orders Complete Page,SCRUM-47,10206,Feature,Done,SCRUM,Wholesale On Wheels,software,Ascription Technologies,712020:eb769461-ebd7-4f5d-9335-a4dcc17a003b,Your first project,Medium,Done,Nandan,712020:922e0a12-4d1a-458b-a17a-cdcf5380191e,Nandan,712020:922e0a12-4d1a-458b-a17a-cdcf5380191e,Nandan,712020:922e0a12-4d1a-458b-a17a-cdcf5380191e,24/Dec/25 11:36 AM,27/Dec/25 2:45 PM,,27/Dec/25 2:45 PM,,0,,,Nandan,,,712020:922e0a12-4d1a-458b-a17a-cdcf5380191e,,,,,,,,,,,,,,0|i0006v:,SCRUM Sprint 0,,,,,27/Dec/25 11:22 AM;712020:922e0a12-4d1a-458b-a17a-cdcf5380191e;[https://docs.google.com/document/d/1b79DvLNPHNMK59E-rMLZCJbb5XG1c7XUBvtQuA4q95Y/edit?usp=sharing|https://docs.google.com/document/d/1b79DvLNPHNMK59E-rMLZCJbb5XG1c7XUBvtQuA4q95Y/edit?usp=sharing|smart-link] ,,Done,27/Dec/25 2:45 PM
 Picklist pdf Order Review page,SCRUM-46,10205,Feature,Done,SCRUM,Wholesale On Wheels,software,Ascription Technologies,712020:eb769461-ebd7-4f5d-9335-a4dcc17a003b,Your first project,Medium,Done,Nandan,712020:922e0a12-4d1a-458b-a17a-cdcf5380191e,Nandan,712020:922e0a12-4d1a-458b-a17a-cdcf5380191e,Nandan,712020:922e0a12-4d1a-458b-a17a-cdcf5380191e,24/Dec/25 11:34 AM,26/Dec/25 10:45 AM,,26/Dec/25 10:45 AM,,0,,,Nandan,,,712020:922e0a12-4d1a-458b-a17a-cdcf5380191e,,,,,,,,,,,,,,0|i0007b:,SCRUM Sprint 0,,,,,24/Dec/25 2:48 PM;712020:922e0a12-4d1a-458b-a17a-cdcf5380191e;[https://docs.google.com/document/d/1qbM-6zwHcAfP8A2zAwREUx6ErqdrfNpue93--b8haT8/edit?usp=sharing|https://docs.google.com/document/d/1qbM-6zwHcAfP8A2zAwREUx6ErqdrfNpue93--b8haT8/edit?usp=sharing],,Done,26/Dec/25 10:45 AM
Picklist,SCRUM-45,10204,Feature,In Progress,SCRUM,Wholesale On Wheels,software,Ascription Technologies,712020:eb769461-ebd7-4f5d-9335-a4dcc17a003b,Your first project,Medium,,Nandan,712020:922e0a12-4d1a-458b-a17a-cdcf5380191e,Nandan,712020:922e0a12-4d1a-458b-a17a-cdcf5380191e,Nandan,712020:922e0a12-4d1a-458b-a17a-cdcf5380191e,24/Dec/25 11:32 AM,24/Dec/25 11:33 AM,,,,0,,,Nandan,,,712020:922e0a12-4d1a-458b-a17a-cdcf5380191e,,,,,,,,,,,,,,0|i0006n:,,,,,,,,In Progress,24/Dec/25 11:32 AM
Scalability Concerns,SCRUM-44,10203,Feature,Done,SCRUM,Wholesale On Wheels,software,Ascription Technologies,712020:eb769461-ebd7-4f5d-9335-a4dcc17a003b,Your first project,Medium,Done,Vidhya sagar,712020:19be3ef8-4d83-4aa3-aee1-6c1b5c31dd7d,Vidhya sagar,712020:19be3ef8-4d83-4aa3-aee1-6c1b5c31dd7d,Vidhya sagar,712020:19be3ef8-4d83-4aa3-aee1-6c1b5c31dd7d,24/Dec/25 10:37 AM,17/Jan/26 10:24 AM,27/Dec/25 2:22 PM,17/Jan/26 10:24 AM,,0,"Current Polling Pattern:

await asyncio.sleep(interval) # Polls every 5 seconds Issues:

Wastes resources when queue is empty Fixed interval regardless of load Multiple workers may cause database contention Better Approaches:

Cloud Pub/Sub: Push-based, event-driven Cloud Tasks: Managed queue with retry Adaptive polling: Increase interval when idle",,Vidhya sagar,,,712020:19be3ef8-4d83-4aa3-aee1-6c1b5c31dd7d,,,,,,,,,,,,,,0|i0000x:n,SCRUM Sprint 0,,,,,,,Done,17/Jan/26 10:24 AM
Rate Limiting & API Quotas,SCRUM-43,10202,Feature,Done,SCRUM,Wholesale On Wheels,software,Ascription Technologies,712020:eb769461-ebd7-4f5d-9335-a4dcc17a003b,Your first project,Medium,Done,Vidhya sagar,712020:19be3ef8-4d83-4aa3-aee1-6c1b5c31dd7d,Vidhya sagar,712020:19be3ef8-4d83-4aa3-aee1-6c1b5c31dd7d,Vidhya sagar,712020:19be3ef8-4d83-4aa3-aee1-6c1b5c31dd7d,24/Dec/25 10:36 AM,17/Jan/26 10:24 AM,27/Dec/25 2:22 PM,17/Jan/26 10:24 AM,,0,"h1. Gemini API calls have no rate limiting

extraction_result = await extract_items_from_media(whatsapp_data) Issues:

No rate limiting for Gemini API Could hit quota limits and fail No backoff strategy No cost monitoring Solutions:

Implement exponential backoff Add rate limiter (e.g., aiolimiter) Monitor API usage in Cloud Monitoring Set budget alerts in GCP


Problem Description
The Gemini API integration lacks proactive protection:

# No Request Rate Limiting - Nothing prevents hitting quota
# No Circuit Breaker - Keeps trying even if Gemini is down
# No Timeout - Hung API calls block workers indefinitely
# No Fallback - All orders fail if Gemini unavailable",,Vidhya sagar,,,712020:19be3ef8-4d83-4aa3-aee1-6c1b5c31dd7d,,,,,,,,,,,,,,0|i0000x:mi,SCRUM Sprint 0,,,,,,,Done,17/Jan/26 10:24 AM
Graceful Shutdown,SCRUM-42,10201,Feature,Idea,SCRUM,Wholesale On Wheels,software,Ascription Technologies,712020:eb769461-ebd7-4f5d-9335-a4dcc17a003b,Your first project,Medium,,,,Vidhya sagar,712020:19be3ef8-4d83-4aa3-aee1-6c1b5c31dd7d,Vidhya sagar,712020:19be3ef8-4d83-4aa3-aee1-6c1b5c31dd7d,24/Dec/25 10:36 AM,24/Dec/25 10:43 AM,17/Jan/26 10:24 AM,,,0,"except KeyboardInterrupt: print(f""\nðŸ›‘ Worker {self.worker_id} stopping..."") self.running = False Issues:

Doesn't wait for current job to finish May leave items in ""processing"" state forever No cleanup of database locks Fix Needed:

async def shutdown(self): self.running = False if self.current_task: await self.current_task # Wait for completion

h1. Update any stuck ""processing"" items back to ""pending""",,Vidhya sagar,,,712020:19be3ef8-4d83-4aa3-aee1-6c1b5c31dd7d,,,,,,,,,,,,,,0|i0005z:,SCRUM Sprint 0,,,,,,,To Do,24/Dec/25 10:36 AM
Error Handling & Dead Letter Queue,SCRUM-41,10200,Feature,Done,SCRUM,Wholesale On Wheels,software,Ascription Technologies,712020:eb769461-ebd7-4f5d-9335-a4dcc17a003b,Your first project,Medium,Done,Vidhya sagar,712020:19be3ef8-4d83-4aa3-aee1-6c1b5c31dd7d,Vidhya sagar,712020:19be3ef8-4d83-4aa3-aee1-6c1b5c31dd7d,Vidhya sagar,712020:19be3ef8-4d83-4aa3-aee1-6c1b5c31dd7d,24/Dec/25 10:36 AM,17/Jan/26 10:24 AM,27/Dec/25 2:23 PM,17/Jan/26 10:24 AM,,0,"if whatsapp_data.retry_count >= 3: whatsapp_data.status = 'failed'

h1. Then what? Data is stuck forever

Issues:

Failed items have no recovery path No manual retry mechanism No notification on permanent failures No investigation tools Solutions:

Add a dead letter table/queue Implement admin API to retry failed items Send alerts via Cloud Pub/Sub or email Add forensic logging for failed items",,Vidhya sagar,,,712020:19be3ef8-4d83-4aa3-aee1-6c1b5c31dd7d,,,,,,,,,,,,,,0|i0000x:k,SCRUM Sprint 0,,,,,,,Done,17/Jan/26 10:24 AM
Logging & Monitoring,SCRUM-40,10199,Feature,Done,SCRUM,Wholesale On Wheels,software,Ascription Technologies,712020:eb769461-ebd7-4f5d-9335-a4dcc17a003b,Your first project,Medium,Done,Vidhya sagar,712020:19be3ef8-4d83-4aa3-aee1-6c1b5c31dd7d,Vidhya sagar,712020:19be3ef8-4d83-4aa3-aee1-6c1b5c31dd7d,Vidhya sagar,712020:19be3ef8-4d83-4aa3-aee1-6c1b5c31dd7d,24/Dec/25 10:36 AM,26/Dec/25 10:47 AM,24/Dec/25 1:28 PM,26/Dec/25 10:47 AM,,0,"print(f""âŒ Error processing WhatsApp ID {whatsapp_data.id}: {e}"") Issues:

No structured logging No log aggregation No alerting on failures Hard to debug in production Fix Needed:

import logging import structlog

logger = structlog.get_logger() logger.error(""processing_failed"", whatsapp_id=whatsapp_data.id, error=str(e), retry_count=whatsapp_data.retry_count )",,Vidhya sagar,,,712020:19be3ef8-4d83-4aa3-aee1-6c1b5c31dd7d,,,,,,,,,,,,,,0|i0006z:,SCRUM Sprint 0,,,,,"24/Dec/25 1:28 PM;712020:19be3ef8-4d83-4aa3-aee1-6c1b5c31dd7d;*Production Logging System Implemented:*

logging_config.py - Core logging configuration with:

structlog for structured logging
Rich console output for dev (colorized, readable)
JSON output for prod (GCP Cloud Logging compatible with severity field)
Auto-detection of environment via K_SERVICE env var (Cloud Run sets this)
Correlation ID context tracking
Performance metrics decorator
*middleware.py - FastAPI middleware for:*

Auto-generating/extracting correlation IDs from X-Correlation-ID header
Request/response logging with duration metrics
Slow request detection (>1s threshold)
*Updated files (logging only, no logic changes):*

main.py - Added middleware and startup/shutdown logging
worker.py - Replaced prints with structured logs
routers/whatsapp.py - Replaced prints
routers/pre_orders.py - Replaced print
services/gemini_service.py - Replaced prints
services/matching_service_enhanced.py - Replaced prints
services/matching_service_v2.py - Replaced prints
services/matching_service.py - Replaced prints
services/download_service.py - Replaced prints
services/pack_calculator.py - Replaced print
database.py - Added connection error logging
seed_data.py - Replaced prints
*Dependencies added to requirements.txt:*

structlog>=24.1.0
rich>=13.7.0",,Done,26/Dec/25 10:47 AM
Secrets Management,SCRUM-39,10198,Feature,Done,SCRUM,Wholesale On Wheels,software,Ascription Technologies,712020:eb769461-ebd7-4f5d-9335-a4dcc17a003b,Your first project,Medium,Done,Vidhya sagar,712020:19be3ef8-4d83-4aa3-aee1-6c1b5c31dd7d,Vidhya sagar,712020:19be3ef8-4d83-4aa3-aee1-6c1b5c31dd7d,Vidhya sagar,712020:19be3ef8-4d83-4aa3-aee1-6c1b5c31dd7d,24/Dec/25 10:36 AM,17/Jan/26 10:24 AM,,17/Jan/26 10:24 AM,,0,,,Vidhya sagar,,,712020:19be3ef8-4d83-4aa3-aee1-6c1b5c31dd7d,,,,,,,,,,,,,,0|i0000x:ii,SCRUM Sprint 0,,,,,,,Done,17/Jan/26 10:24 AM
Database Connection Pooling,SCRUM-38,10197,Feature,Done,SCRUM,Wholesale On Wheels,software,Ascription Technologies,712020:eb769461-ebd7-4f5d-9335-a4dcc17a003b,Your first project,Medium,Done,Vidhya sagar,712020:19be3ef8-4d83-4aa3-aee1-6c1b5c31dd7d,Vidhya sagar,712020:19be3ef8-4d83-4aa3-aee1-6c1b5c31dd7d,Vidhya sagar,712020:19be3ef8-4d83-4aa3-aee1-6c1b5c31dd7d,24/Dec/25 10:35 AM,27/Dec/25 2:21 PM,27/Dec/25 2:15 PM,27/Dec/25 2:21 PM,,0,"engine = create_async_engine(DATABASE_URL, echo=True) Issues:

No connection pool limits defined echo=True in production (performance hit) No connection timeout settings No retry logic for connection failures Fix Needed:

engine = create_async_engine( DATABASE_URL, echo=False, # Disable in production pool_size=10, # Max connections per worker max_overflow=20, pool_pre_ping=True, # Verify connections pool_recycle=3600, # Recycle after 1 hour connect_args={ ""server_settings"": {""application_name"": ""worker""}, ""command_timeout"": 60, } )",,Vidhya sagar,,,712020:19be3ef8-4d83-4aa3-aee1-6c1b5c31dd7d,,,,,,,,,,,,,,0|i0000x:o,SCRUM Sprint 0,,,,,,,Done,27/Dec/25 2:21 PM
Worker Process Management,SCRUM-37,10196,Feature,Done,SCRUM,Wholesale On Wheels,software,Ascription Technologies,712020:eb769461-ebd7-4f5d-9335-a4dcc17a003b,Your first project,Medium,Done,Vidhya sagar,712020:19be3ef8-4d83-4aa3-aee1-6c1b5c31dd7d,Vidhya sagar,712020:19be3ef8-4d83-4aa3-aee1-6c1b5c31dd7d,Vidhya sagar,712020:19be3ef8-4d83-4aa3-aee1-6c1b5c31dd7d,24/Dec/25 10:35 AM,17/Jan/26 10:24 AM,27/Dec/25 10:31 AM,17/Jan/26 10:24 AM,,0,"h1. Current: Single process with asyncio.run()

h1. Problem: No process supervision, crashes = downtime

Issues:

No automatic restart on crash No health monitoring Single point of failure Manual start/stop only *GCP Solutions:*

Use Cloud Run Jobs for serverless workers (auto-scaling, auto-restart) Use GKE with Kubernetes Jobs/CronJobs for more control Use Compute Engine with systemd for traditional approach Consider Cloud Tasks instead of polling pattern",,Vidhya sagar,,,712020:19be3ef8-4d83-4aa3-aee1-6c1b5c31dd7d,,,,,,,,,,,,,,0|i0000x:j,SCRUM Sprint 0,,,,,,,Done,17/Jan/26 10:24 AM
Complete transfer test suit,SCRUM-36,10195,Feature,Done,SCRUM,Wholesale On Wheels,software,Ascription Technologies,712020:eb769461-ebd7-4f5d-9335-a4dcc17a003b,Your first project,Medium,Done,Vidhya sagar,712020:19be3ef8-4d83-4aa3-aee1-6c1b5c31dd7d,Vidhya sagar,712020:19be3ef8-4d83-4aa3-aee1-6c1b5c31dd7d,Vidhya sagar,712020:19be3ef8-4d83-4aa3-aee1-6c1b5c31dd7d,24/Dec/25 10:35 AM,24/Dec/25 10:40 AM,,24/Dec/25 10:40 AM,,0,,,Vidhya sagar,,,712020:19be3ef8-4d83-4aa3-aee1-6c1b5c31dd7d,,,,,,,,,,,,,,0|i00010:04,SCRUM Sprint 0,,,,,,,Done,24/Dec/25 10:40 AM
Database Migration Strategy,SCRUM-35,10194,Feature,Done,SCRUM,Wholesale On Wheels,software,Ascription Technologies,712020:eb769461-ebd7-4f5d-9335-a4dcc17a003b,Your first project,Medium,Done,Vidhya sagar,712020:19be3ef8-4d83-4aa3-aee1-6c1b5c31dd7d,Vidhya sagar,712020:19be3ef8-4d83-4aa3-aee1-6c1b5c31dd7d,Vidhya sagar,712020:19be3ef8-4d83-4aa3-aee1-6c1b5c31dd7d,24/Dec/25 10:35 AM,24/Dec/25 10:40 AM,,24/Dec/25 10:40 AM,,0,,,Vidhya sagar,,,712020:19be3ef8-4d83-4aa3-aee1-6c1b5c31dd7d,,,,,,,,,,,,,,0|i00010:09,SCRUM Sprint 0,,,,,,,Done,24/Dec/25 10:40 AM
preorder to order size transfer fix,SCRUM-34,10193,Feature,Done,SCRUM,Wholesale On Wheels,software,Ascription Technologies,712020:eb769461-ebd7-4f5d-9335-a4dcc17a003b,Your first project,Medium,Done,Vidhya sagar,712020:19be3ef8-4d83-4aa3-aee1-6c1b5c31dd7d,Vidhya sagar,712020:19be3ef8-4d83-4aa3-aee1-6c1b5c31dd7d,Vidhya sagar,712020:19be3ef8-4d83-4aa3-aee1-6c1b5c31dd7d,24/Dec/25 10:35 AM,24/Dec/25 10:40 AM,,24/Dec/25 10:40 AM,,0,,,Vidhya sagar,,,712020:19be3ef8-4d83-4aa3-aee1-6c1b5c31dd7d,,,,,,,,,,,,,,0|i00010:0i,SCRUM Sprint 0,,,,,,,Done,24/Dec/25 10:40 AM
User/id/ ti get name,SCRUM-33,10192,Feature,Done,SCRUM,Wholesale On Wheels,software,Ascription Technologies,712020:eb769461-ebd7-4f5d-9335-a4dcc17a003b,Your first project,Medium,Done,Vidhya sagar,712020:19be3ef8-4d83-4aa3-aee1-6c1b5c31dd7d,Vidhya sagar,712020:19be3ef8-4d83-4aa3-aee1-6c1b5c31dd7d,Vidhya sagar,712020:19be3ef8-4d83-4aa3-aee1-6c1b5c31dd7d,24/Dec/25 10:35 AM,24/Dec/25 10:40 AM,,24/Dec/25 10:40 AM,,0,,,Vidhya sagar,,,712020:19be3ef8-4d83-4aa3-aee1-6c1b5c31dd7d,,,,,,,,,,,,,,0|i00010:1,SCRUM Sprint 0,,,,,,,Done,24/Dec/25 10:40 AM
Priority column and APi,SCRUM-32,10191,Feature,Done,SCRUM,Wholesale On Wheels,software,Ascription Technologies,712020:eb769461-ebd7-4f5d-9335-a4dcc17a003b,Your first project,Medium,Done,Vidhya sagar,712020:19be3ef8-4d83-4aa3-aee1-6c1b5c31dd7d,Vidhya sagar,712020:19be3ef8-4d83-4aa3-aee1-6c1b5c31dd7d,Vidhya sagar,712020:19be3ef8-4d83-4aa3-aee1-6c1b5c31dd7d,24/Dec/25 10:34 AM,24/Dec/25 10:39 AM,,24/Dec/25 10:39 AM,,0,,,Vidhya sagar,,,712020:19be3ef8-4d83-4aa3-aee1-6c1b5c31dd7d,,,,,,,,,,,,,,0|i00010:2i,SCRUM Sprint 0,,,,,,,Done,24/Dec/25 10:39 AM
Fix Calculation logic mismatch,SCRUM-31,10190,Feature,Done,SCRUM,Wholesale On Wheels,software,Ascription Technologies,712020:eb769461-ebd7-4f5d-9335-a4dcc17a003b,Your first project,Medium,Done,Vidhya sagar,712020:19be3ef8-4d83-4aa3-aee1-6c1b5c31dd7d,Vidhya sagar,712020:19be3ef8-4d83-4aa3-aee1-6c1b5c31dd7d,Vidhya sagar,712020:19be3ef8-4d83-4aa3-aee1-6c1b5c31dd7d,24/Dec/25 10:34 AM,24/Dec/25 10:39 AM,,24/Dec/25 10:39 AM,,0,,,Vidhya sagar,,,712020:19be3ef8-4d83-4aa3-aee1-6c1b5c31dd7d,,,,,,,,,,,,,,0|i00010:3,SCRUM Sprint 0,,,,,,,Done,24/Dec/25 10:39 AM
Excel gemini process,SCRUM-30,10189,Feature,Done,SCRUM,Wholesale On Wheels,software,Ascription Technologies,712020:eb769461-ebd7-4f5d-9335-a4dcc17a003b,Your first project,Medium,Done,Vidhya sagar,712020:19be3ef8-4d83-4aa3-aee1-6c1b5c31dd7d,Vidhya sagar,712020:19be3ef8-4d83-4aa3-aee1-6c1b5c31dd7d,Vidhya sagar,712020:19be3ef8-4d83-4aa3-aee1-6c1b5c31dd7d,24/Dec/25 10:34 AM,24/Dec/25 10:39 AM,24/Dec/25 10:39 AM,24/Dec/25 10:39 AM,,0,,,Vidhya sagar,,,712020:19be3ef8-4d83-4aa3-aee1-6c1b5c31dd7d,,,,,,,,,,,,,,0|i00010:2,SCRUM Sprint 0,,,,,,,Done,24/Dec/25 10:39 AM
Customer should not auto create,SCRUM-29,10188,Feature,Done,SCRUM,Wholesale On Wheels,software,Ascription Technologies,712020:eb769461-ebd7-4f5d-9335-a4dcc17a003b,Your first project,Medium,Done,Vidhya sagar,712020:19be3ef8-4d83-4aa3-aee1-6c1b5c31dd7d,Vidhya sagar,712020:19be3ef8-4d83-4aa3-aee1-6c1b5c31dd7d,Vidhya sagar,712020:19be3ef8-4d83-4aa3-aee1-6c1b5c31dd7d,24/Dec/25 10:34 AM,24/Dec/25 10:39 AM,,24/Dec/25 10:39 AM,,0,,,Vidhya sagar,,,712020:19be3ef8-4d83-4aa3-aee1-6c1b5c31dd7d,,,,,,,,,,,,,,0|i00010:d,SCRUM Sprint 0,,,,,,,Done,24/Dec/25 10:39 AM
Whatsapp Media Download and Upload process. Should we employ a worker or not?,SCRUM-28,10187,Feature,Done,SCRUM,Wholesale On Wheels,software,Ascription Technologies,712020:eb769461-ebd7-4f5d-9335-a4dcc17a003b,Your first project,Medium,Done,Vathan,712020:26331195-b142-4e76-92ac-0333e0e1fda4,Rahul Varma,712020:7c1bbce9-f7cc-42c9-9d64-87d5554d6c81,Rahul Varma,712020:7c1bbce9-f7cc-42c9-9d64-87d5554d6c81,24/Dec/25 10:14 AM,26/Dec/25 9:57 AM,,26/Dec/25 9:57 AM,,0,,,Rahul Varma,,,712020:7c1bbce9-f7cc-42c9-9d64-87d5554d6c81,,,,,,,,,,,,,,0|i0000x:i,SCRUM Sprint 0,,,,,,,Done,26/Dec/25 9:57 AM
Webhook and workers decision,SCRUM-27,10154,Task,Done,SCRUM,Wholesale On Wheels,software,Ascription Technologies,712020:eb769461-ebd7-4f5d-9335-a4dcc17a003b,Your first project,Medium,Done,Rahul Varma,712020:7c1bbce9-f7cc-42c9-9d64-87d5554d6c81,Rahul Varma,712020:7c1bbce9-f7cc-42c9-9d64-87d5554d6c81,Rahul Varma,712020:7c1bbce9-f7cc-42c9-9d64-87d5554d6c81,23/Dec/25 4:29 PM,30/Dec/25 10:18 AM,,30/Dec/25 10:18 AM,,0,,,Rahul Varma,,,712020:7c1bbce9-f7cc-42c9-9d64-87d5554d6c81,,,,,,,,,,,,,,0|i0002n:,SCRUM Sprint 0,,,,,,,Done,30/Dec/25 10:18 AM
Tally Invoice Number format,SCRUM-26,10153,Task,Done,SCRUM,Wholesale On Wheels,software,Ascription Technologies,712020:eb769461-ebd7-4f5d-9335-a4dcc17a003b,Your first project,Medium,Done,Rahul Varma,712020:7c1bbce9-f7cc-42c9-9d64-87d5554d6c81,Rahul Varma,712020:7c1bbce9-f7cc-42c9-9d64-87d5554d6c81,Rahul Varma,712020:7c1bbce9-f7cc-42c9-9d64-87d5554d6c81,23/Dec/25 4:29 PM,24/Dec/25 3:12 PM,26/Dec/25 11:49 AM,24/Dec/25 3:12 PM,,0,"Tally Invoice Number Format - GST/FY/XXXX
FY - Financial Year - April 2025 to March 2026 will be - GST/25-26/XXXX",,Rahul Varma,,,712020:7c1bbce9-f7cc-42c9-9d64-87d5554d6c81,,,,,,,,,,,,,,0|i0002f:,SCRUM Sprint 0,,,,,,,Done,24/Dec/25 3:12 PM
Whatsapp New Number registration,SCRUM-25,10152,Task,Done,SCRUM,Wholesale On Wheels,software,Ascription Technologies,712020:eb769461-ebd7-4f5d-9335-a4dcc17a003b,Your first project,Medium,Done,"525_ AN,AND 'GOUD'",61ab0edec15977006a0401ae,Rahul Varma,712020:7c1bbce9-f7cc-42c9-9d64-87d5554d6c81,Rahul Varma,712020:7c1bbce9-f7cc-42c9-9d64-87d5554d6c81,23/Dec/25 4:29 PM,30/Dec/25 9:44 AM,,30/Dec/25 9:44 AM,,0,,,Rahul Varma,,,712020:7c1bbce9-f7cc-42c9-9d64-87d5554d6c81,,,,,,,,,,,,,,0|i0007v:,SCRUM Sprint 0,,,,,,,Done,30/Dec/25 9:44 AM
Final Master List with Unique SKU Code - Resent to Rishabh for few more changes,SCRUM-24,10151,Task,In Progress,SCRUM,Wholesale On Wheels,software,Ascription Technologies,712020:eb769461-ebd7-4f5d-9335-a4dcc17a003b,Your first project,Medium,,Rahul Varma,712020:7c1bbce9-f7cc-42c9-9d64-87d5554d6c81,Rahul Varma,712020:7c1bbce9-f7cc-42c9-9d64-87d5554d6c81,Rahul Varma,712020:7c1bbce9-f7cc-42c9-9d64-87d5554d6c81,23/Dec/25 4:29 PM,24/Dec/25 4:05 PM,,,,0,,,Rahul Varma,,,712020:7c1bbce9-f7cc-42c9-9d64-87d5554d6c81,,,,,,,,,,,24/Dec/25 11:19 AM;ug:32cfc5b9-cb7d-4acc-aded-98a03b6f4565;Master_list_pending (839021b5-2e9f-43bd-b99f-2aafe951e764).xlsx;https://ascriptiontechnologies.atlassian.net/rest/api/3/attachment/content/10068,,,0|i0001z:,SCRUM Sprint 0,,,,,,,In Progress,23/Dec/25 4:29 PM
Customer ID Format?,SCRUM-23,10150,Task,Done,SCRUM,Wholesale On Wheels,software,Ascription Technologies,712020:eb769461-ebd7-4f5d-9335-a4dcc17a003b,Your first project,Medium,Done,Vidhya sagar,712020:19be3ef8-4d83-4aa3-aee1-6c1b5c31dd7d,Rahul Varma,712020:7c1bbce9-f7cc-42c9-9d64-87d5554d6c81,Rahul Varma,712020:7c1bbce9-f7cc-42c9-9d64-87d5554d6c81,23/Dec/25 4:28 PM,26/Dec/25 11:35 AM,26/Dec/25 11:33 AM,26/Dec/25 11:33 AM,,0,"Updated to use CUST0001 format (4 digits)
Sort by numeric value (not alphabetically) using cast(func.replace(...), Integer)
Auto-expand to 5 digits after CUST9999 â†’ CUST10000",,Rahul Varma,,,712020:7c1bbce9-f7cc-42c9-9d64-87d5554d6c81,,,,,,,,,,,,,,0|i0000x:9,SCRUM Sprint 0,,,,,,,Done,26/Dec/25 11:33 AM
New Order ( Manual and Upload ),SCRUM-22,10149,Feature,Done,SCRUM,Wholesale On Wheels,software,Ascription Technologies,712020:eb769461-ebd7-4f5d-9335-a4dcc17a003b,Your first project,Medium,Done,Nandan,712020:922e0a12-4d1a-458b-a17a-cdcf5380191e,Nandan,712020:922e0a12-4d1a-458b-a17a-cdcf5380191e,Nandan,712020:922e0a12-4d1a-458b-a17a-cdcf5380191e,23/Dec/25 3:45 PM,29/Dec/25 10:35 AM,,29/Dec/25 10:35 AM,,0,,,Nandan,,,712020:922e0a12-4d1a-458b-a17a-cdcf5380191e,,,,,,,,,,,24/Dec/25 11:17 AM;ug:32cfc5b9-cb7d-4acc-aded-98a03b6f4565;New Order document.pdf;https://ascriptiontechnologies.atlassian.net/rest/api/3/attachment/content/10067,,,0|i0001h:,SCRUM Sprint 0,,,,,24/Dec/25 2:49 PM;712020:922e0a12-4d1a-458b-a17a-cdcf5380191e;[https://docs.google.com/document/d/1I5ZBsX5sUWuQQ34h8mANNe87DJxLo7i-y6aSsGmmSZw/edit?usp=sharing|https://docs.google.com/document/d/1I5ZBsX5sUWuQQ34h8mANNe87DJxLo7i-y6aSsGmmSZw/edit?usp=sharing],,Done,29/Dec/25 10:35 AM
New order ( manual and upload),SCRUM-21,10116,Feature,Idea,SCRUM,Wholesale On Wheels,software,Ascription Technologies,712020:eb769461-ebd7-4f5d-9335-a4dcc17a003b,Your first project,Medium,,Nandan,712020:922e0a12-4d1a-458b-a17a-cdcf5380191e,Nandan,712020:922e0a12-4d1a-458b-a17a-cdcf5380191e,Nandan,712020:922e0a12-4d1a-458b-a17a-cdcf5380191e,22/Dec/25 6:13 PM,22/Dec/25 6:13 PM,,,,0,,,Nandan,,,712020:922e0a12-4d1a-458b-a17a-cdcf5380191e,,,,,,,,,,,,,,0|i0001j:,,,,,,,,To Do,22/Dec/25 6:13 PM
Backend for Whatsapp Integration,SCRUM-20,10083,Feature,Done,SCRUM,Wholesale On Wheels,software,Ascription Technologies,712020:eb769461-ebd7-4f5d-9335-a4dcc17a003b,Your first project,Medium,Done,"525_ AN,AND 'GOUD'",61ab0edec15977006a0401ae,"525_ AN,AND 'GOUD'",61ab0edec15977006a0401ae,"525_ AN,AND 'GOUD'",61ab0edec15977006a0401ae,20/Dec/25 4:48 PM,20/Dec/25 4:48 PM,,20/Dec/25 4:48 PM,,0,,,"525_ AN,AND 'GOUD'",,,61ab0edec15977006a0401ae,,,,,,,,,,,,,,0|i00010:r,SCRUM Sprint 0,,,,,,,Done,20/Dec/25 4:48 PM
Meta Whatsapp Configuration,SCRUM-19,10082,Feature,Done,SCRUM,Wholesale On Wheels,software,Ascription Technologies,712020:eb769461-ebd7-4f5d-9335-a4dcc17a003b,Your first project,Medium,Done,"525_ AN,AND 'GOUD'",61ab0edec15977006a0401ae,"525_ AN,AND 'GOUD'",61ab0edec15977006a0401ae,"525_ AN,AND 'GOUD'",61ab0edec15977006a0401ae,20/Dec/25 4:47 PM,20/Dec/25 4:47 PM,,20/Dec/25 4:47 PM,,0,,,"525_ AN,AND 'GOUD'",,,61ab0edec15977006a0401ae,,,,,,,,,,,,,,0|i00010:9,SCRUM Sprint 0,,,,,,,Done,20/Dec/25 4:47 PM
Meta Whatsapp Integration R&D,SCRUM-18,10081,Feature,Done,SCRUM,Wholesale On Wheels,software,Ascription Technologies,712020:eb769461-ebd7-4f5d-9335-a4dcc17a003b,Your first project,Medium,Done,"525_ AN,AND 'GOUD'",61ab0edec15977006a0401ae,"525_ AN,AND 'GOUD'",61ab0edec15977006a0401ae,"525_ AN,AND 'GOUD'",61ab0edec15977006a0401ae,20/Dec/25 4:46 PM,20/Dec/25 4:48 PM,,20/Dec/25 4:46 PM,,0,,,"525_ AN,AND 'GOUD'",,,61ab0edec15977006a0401ae,,,,,,,,,,,,,,0|i00010:4,SCRUM Sprint 0,,,,,,,Done,20/Dec/25 4:46 PM
Order View Page in Frontend,SCRUM-17,10080,Feature,Done,SCRUM,Wholesale On Wheels,software,Ascription Technologies,712020:eb769461-ebd7-4f5d-9335-a4dcc17a003b,Your first project,Medium,Done,"525_ AN,AND 'GOUD'",61ab0edec15977006a0401ae,"525_ AN,AND 'GOUD'",61ab0edec15977006a0401ae,"525_ AN,AND 'GOUD'",61ab0edec15977006a0401ae,20/Dec/25 4:42 PM,30/Dec/25 10:08 AM,,30/Dec/25 10:08 AM,,0,,,"525_ AN,AND 'GOUD'",,,61ab0edec15977006a0401ae,,,,,,,,,,,,,,0|i0001f:,SCRUM Sprint 0,,,,,,,Done,30/Dec/25 10:08 AM
Customer and master list view with pagination and optimization,SCRUM-15,10078,Feature,Done,SCRUM,Wholesale On Wheels,software,Ascription Technologies,712020:eb769461-ebd7-4f5d-9335-a4dcc17a003b,Your first project,Medium,Done,Vathan,712020:26331195-b142-4e76-92ac-0333e0e1fda4,Vidhya sagar,712020:19be3ef8-4d83-4aa3-aee1-6c1b5c31dd7d,Vidhya sagar,712020:19be3ef8-4d83-4aa3-aee1-6c1b5c31dd7d,20/Dec/25 2:55 PM,22/Dec/25 10:21 AM,,22/Dec/25 10:21 AM,,0,,,Vidhya sagar,,,712020:19be3ef8-4d83-4aa3-aee1-6c1b5c31dd7d,,,,,,,,,,,,,,0|i00010:i,SCRUM Sprint 0,,,,,,,Done,22/Dec/25 10:21 AM
Order review page in frontend,SCRUM-14,10077,Feature,Done,SCRUM,Wholesale On Wheels,software,Ascription Technologies,712020:eb769461-ebd7-4f5d-9335-a4dcc17a003b,Your first project,High,Done,"525_ AN,AND 'GOUD'",61ab0edec15977006a0401ae,Vidhya sagar,712020:19be3ef8-4d83-4aa3-aee1-6c1b5c31dd7d,Vidhya sagar,712020:19be3ef8-4d83-4aa3-aee1-6c1b5c31dd7d,20/Dec/25 2:51 PM,30/Dec/25 10:08 AM,20/Dec/25 2:52 PM,30/Dec/25 10:08 AM,,0,"* Complete order review page
* soft deletion
* order creation and edit functionality
* auto calculation logic",,Vidhya sagar,,,712020:19be3ef8-4d83-4aa3-aee1-6c1b5c31dd7d,,,,,,,,,,,,,,0|i0001b:,SCRUM Sprint 0,,,,,,,Done,30/Dec/25 10:08 AM
operator tables in frontend,SCRUM-13,10076,Feature,Done,SCRUM,Wholesale On Wheels,software,Ascription Technologies,712020:eb769461-ebd7-4f5d-9335-a4dcc17a003b,Your first project,Medium,Done,Vathan,712020:26331195-b142-4e76-92ac-0333e0e1fda4,Vidhya sagar,712020:19be3ef8-4d83-4aa3-aee1-6c1b5c31dd7d,Vidhya sagar,712020:19be3ef8-4d83-4aa3-aee1-6c1b5c31dd7d,20/Dec/25 2:51 PM,23/Dec/25 4:33 PM,,20/Dec/25 2:54 PM,,0,,,Vathan,Vidhya sagar,,712020:26331195-b142-4e76-92ac-0333e0e1fda4,712020:19be3ef8-4d83-4aa3-aee1-6c1b5c31dd7d,,,,,,,,,,23/Dec/25 4:33 PM;ug:0026644c-d492-48fb-b423-82cb82f87a83;ORDER_PAGES_DOCUMENTATION.md.pdf;https://ascriptiontechnologies.atlassian.net/rest/api/3/attachment/content/10033,,,0|i00011:,SCRUM Sprint 0,,,,,"23/Dec/25 4:33 PM;712020:26331195-b142-4e76-92ac-0333e0e1fda4;[^ORDER_PAGES_DOCUMENTATION.md.pdf]

",,Done,20/Dec/25 2:54 PM
MVP of quantity conversion modal,SCRUM-12,10043,Task,Done,SCRUM,Wholesale On Wheels,software,Ascription Technologies,712020:eb769461-ebd7-4f5d-9335-a4dcc17a003b,Your first project,Medium,Done,Vidhya sagar,712020:19be3ef8-4d83-4aa3-aee1-6c1b5c31dd7d,Vidhya sagar,712020:19be3ef8-4d83-4aa3-aee1-6c1b5c31dd7d,Vidhya sagar,712020:19be3ef8-4d83-4aa3-aee1-6c1b5c31dd7d,16/Dec/25 10:16 AM,20/Dec/25 2:50 PM,,20/Dec/25 2:50 PM,,0,,,Vidhya sagar,,,712020:19be3ef8-4d83-4aa3-aee1-6c1b5c31dd7d,,,,,,,,,,,,,,0|i0000y:,SCRUM Sprint 0,,,,,,,Done,20/Dec/25 2:50 PM
POA of quantity converstion,SCRUM-6,10005,Feature,Done,SCRUM,Wholesale On Wheels,software,Ascription Technologies,712020:eb769461-ebd7-4f5d-9335-a4dcc17a003b,Your first project,Medium,Done,Vidhya sagar,712020:19be3ef8-4d83-4aa3-aee1-6c1b5c31dd7d,Vidhya sagar,712020:19be3ef8-4d83-4aa3-aee1-6c1b5c31dd7d,Vidhya sagar,712020:19be3ef8-4d83-4aa3-aee1-6c1b5c31dd7d,15/Dec/25 3:59 PM,20/Dec/25 2:50 PM,16/Dec/25 12:00 PM,20/Dec/25 2:50 PM,,0,,,Vidhya sagar,,,712020:19be3ef8-4d83-4aa3-aee1-6c1b5c31dd7d,,,,,,,,,,,,,,0|i00010:,SCRUM Sprint 0,,,,,"15/Dec/25 6:16 PM;712020:19be3ef8-4d83-4aa3-aee1-6c1b5c31dd7d;[https://www.notion.so/Quantity-241c4cc9a3c180d69620d1971383d35e?source=copy_link|https://www.notion.so/Quantity-241c4cc9a3c180d69620d1971383d35e?source=copy_link|smart-link] 

link for docs","16/Dec/25 12:00 PM;712020:19be3ef8-4d83-4aa3-aee1-6c1b5c31dd7d;{noformat}curl -X 'POST' \
  'http://127.0.0.1:8000/api/master_list' \
  -H 'accept: application/json' \
  -H 'Content-Type: application/json' \
  -d '{
  ""sku_name"": ""string"",
  ""brand"": ""string"",
  ""hsn"": ""string"",
  ""category"": ""string"",
  ""size"": ""string"",
  ""quantity_type"": ""string"",
  ""aliases"": [],
  ""default_rate"": ""string"",
  ""rate_cash"": ""string"",
  ""rate_level_1"": ""string"",
  ""rate_level_2"": ""string"",
  ""rate_level_3"": ""string"",
  ""gst_percent"": ""string"",
  ""current_stock"": ""string"",
  ""uom"": ""string"",
  ""isactive"": true,
  ""status"": ""Active"",
  ""sku_code"": ""string""
}'{noformat}",Done,20/Dec/25 2:50 PM
Split the quantity types in masterlist - This is an edge case and is ignored as suggested by Rishabh,SCRUM-5,10004,Feature,Done,SCRUM,Wholesale On Wheels,software,Ascription Technologies,712020:eb769461-ebd7-4f5d-9335-a4dcc17a003b,Your first project,Medium,Done,Rahul Varma,712020:7c1bbce9-f7cc-42c9-9d64-87d5554d6c81,Vidhya sagar,712020:19be3ef8-4d83-4aa3-aee1-6c1b5c31dd7d,Vidhya sagar,712020:19be3ef8-4d83-4aa3-aee1-6c1b5c31dd7d,15/Dec/25 3:57 PM,24/Dec/25 3:13 PM,20/Dec/25 2:58 PM,24/Dec/25 3:13 PM,,0,,,Nandan,Vidhya sagar,,712020:922e0a12-4d1a-458b-a17a-cdcf5380191e,712020:19be3ef8-4d83-4aa3-aee1-6c1b5c31dd7d,,,,,,,,,,15/Dec/25 6:15 PM;ug:32cfc5b9-cb7d-4acc-aded-98a03b6f4565;Copy of master_list_db(new)(1).xlsx;https://ascriptiontechnologies.atlassian.net/rest/api/3/attachment/content/10000,,,0|i0000x:,SCRUM Sprint 0,,,,,"15/Dec/25 6:15 PM;712020:922e0a12-4d1a-458b-a17a-cdcf5380191e;[^Copy of master_list_db(new)(1).xlsx]

",,Done,24/Dec/25 3:13 PM
Task 3,SCRUM-3,10002,Feature,To Do,SCRUM,Wholesale On Wheels,software,Ascription Technologies,712020:eb769461-ebd7-4f5d-9335-a4dcc17a003b,Your first project,,,,,Ascription Technologies,712020:eb769461-ebd7-4f5d-9335-a4dcc17a003b,Ascription Technologies,712020:eb769461-ebd7-4f5d-9335-a4dcc17a003b,15/Dec/25 3:50 PM,15/Dec/25 3:50 PM,,,,0,,,Ascription Technologies,,,712020:eb769461-ebd7-4f5d-9335-a4dcc17a003b,,,,,,,,,,,,,,0|i0000f:,,,,,,,,In Progress,15/Dec/25 3:50 PM
